team_name,league_value,team_value,goals,xgShot,xgShotAgainst,concededGoals,diff_goals,score_full_normal,score_normal_historical,score_normal_current
Manchester City,10410.0,1260.0,1.87,1.7,0.66,0.69,1.1800000000000002,100.0,100.0,100.0
Bayern Munich,3970.0,897.7,2.94,2.18,0.78,0.79,2.15,99.74937343358395,99.74937343358395,99.74937343358395
Internazionale,4580.0,563.35,2.45,2.05,0.68,0.51,1.9400000000000002,99.49874686716792,98.99749373433583,98.74686716791979
Arsenal,10410.0,1100.0,1.76,1.65,1.01,0.78,0.98,99.24812030075188,98.74686716791979,99.49874686716792
Real Madrid,4660.0,1030.0,1.87,2.06,1.15,0.62,1.25,98.99749373433583,99.24812030075188,99.24812030075188
AS Roma,4580.0,362.15,1.97,1.44,0.84,1.18,0.79,98.74686716791979,96.49122807017544,92.4812030075188
Liverpool,10410.0,877.3,1.96,2.03,1.23,0.88,1.08,98.49624060150376,99.49874686716792,98.99749373433583
VfB Stuttgart,3970.0,116.6,2.84,1.72,1.08,0.91,1.9299999999999997,98.24561403508771,95.48872180451127,93.98496240601504
Newcastle,10410.0,650.5,2.36,1.72,1.13,0.88,1.48,97.99498746867168,93.98496240601504,98.49624060150376
Leganes,476.9,19.9,1.43,1.1,0.96,0.38,1.0499999999999998,97.74436090225564,92.73182957393483,82.45614035087719
Botafogo,1440.0,68.75,1.43,1.24,1.1,0.55,0.8799999999999999,97.4937343358396,95.23809523809523,83.45864661654136
RB Leipzig,3970.0,403.1,2.15,1.39,1.07,0.79,1.3599999999999999,97.24310776942356,83.45864661654136,94.23558897243107
Napoli,4580.0,587.75,2.02,2.18,0.92,1.01,1.01,96.99248120300751,98.24561403508771,96.2406015037594
Fenerbahce,1190.0,200.55,2.38,2.26,0.49,0.5,1.88,96.74185463659147,98.49624060150376,95.48872180451127
Fortuna Düsseldorf,382.35,26.9,1.91,1.43,1.12,0.91,0.9999999999999999,96.49122807017544,94.48621553884712,83.20802005012531
Real Sociedad,4660.0,432.6,1.6,1.11,1.4,1.07,0.53,96.2406015037594,94.9874686716792,91.22807017543859
Tottenham Hotspur,10410.0,747.6,1.94,1.89,1.26,0.86,1.08,95.98997493734336,96.74185463659147,97.99498746867168
Brentford,10410.0,379.1,1.37,1.8,1.15,1.18,0.19000000000000017,95.73934837092732,96.99248120300751,92.73182957393483
Olympiacos,414.35,101.8,3.01,2.08,0.53,0.26,2.75,95.48872180451127,97.99498746867168,96.49122807017544
Chelsea,10410.0,999.0,1.28,1.79,1.11,0.89,0.39,95.23809523809523,97.24310776942356,98.24561403508771
Borussia Dortmund,3970.0,467.0,1.91,1.97,1.2,0.9,1.0099999999999998,94.9874686716792,97.4937343358396,94.48621553884712
AC Milan,4580.0,543.25,1.79,1.35,0.87,0.9,0.89,94.73684210526315,93.23308270676691,94.9874686716792
Trabzonspor,1190.0,125.35,1.68,1.02,1.18,1.23,0.44999999999999996,94.48621553884712,85.21303258145363,75.18796992481202
Nashville SC,1270.0,43.25,1.04,1.16,1.03,0.85,0.19000000000000006,94.23558897243107,86.21553884711778,63.1578947368421
Brondby,268.93,33.15,1.9,1.51,0.97,0.83,1.0699999999999998,93.98496240601504,91.22807017543859,85.21303258145363
PSV,967.18,187.23,3.08,2.98,0.89,0.31,2.77,93.734335839599,92.4812030075188,97.74436090225564
Nottingham Forest,10410.0,395.58,0.97,1.11,1.3,1.16,-0.18999999999999995,93.48370927318295,91.72932330827066,89.97493734335839
Juventus,4580.0,420.2,1.7,1.45,1.06,0.68,1.02,93.23308270676691,88.7218045112782,93.48370927318295
Aston Villa,10410.0,630.7,2.2,1.71,1.19,1.24,0.9600000000000002,92.98245614035088,97.74436090225564,96.74185463659147
Feyenoord,967.18,204.73,3.26,2.5,0.71,0.61,2.65,92.73182957393483,92.98245614035088,97.24310776942356
Panathinaikos,414.35,55.35,2.87,2.09,0.8,0.65,2.22,92.4812030075188,83.20802005012531,94.73684210526315
FC Dallas,1270.0,46.85,1.09,1.11,1.15,0.98,0.1100000000000001,92.23057644110276,80.20050125313283,55.88972431077694
Bayer Leverkusen,3970.0,446.05,2.83,2.09,1.03,0.79,2.04,91.97994987468672,95.98997493734336,96.99248120300751
Sporting Gijón,476.9,27.05,1.39,1.07,0.89,0.9,0.4899999999999999,91.72932330827066,86.96741854636592,70.17543859649122
Vissel Kobe,254.5,18.33,1.63,1.41,0.97,0.79,0.8399999999999999,91.47869674185463,82.45614035087719,80.45112781954887
Walsall,101.25,3.35,1.39,1.12,1.27,1.58,-0.19000000000000017,91.22807017543859,62.907268170426065,24.31077694235589
Celtic,372.89,126.65,2.32,2.4,1.0,0.6,1.7199999999999998,90.97744360902256,95.73934837092732,93.23308270676691
Genk,832.45,113.1,1.63,2.01,1.25,0.81,0.8199999999999998,90.72681704260651,89.22305764411027,86.21553884711778
Oxford United,224.44,10.55,1.77,1.12,0.96,0.74,1.03,90.47619047619048,79.9498746867168,80.95238095238095
Barcelona,4660.0,862.0,1.92,2.03,1.01,0.87,1.0499999999999998,90.22556390977444,96.2406015037594,97.4937343358396
Cardiff City,1680.0,55.2,1.26,1.19,1.07,1.19,0.07000000000000006,89.97493734335839,72.18045112781954,60.150375939849624
AEK Athens,414.35,67.8,1.92,2.36,1.0,1.03,0.8899999999999999,89.72431077694235,91.97994987468672,88.7218045112782
West Ham United,10410.0,470.85,1.6,1.38,1.88,1.6,0.0,89.47368421052632,81.95488721804512,91.47869674185463
VfL Wolfsburg,3970.0,236.9,1.23,1.47,1.49,1.23,0.0,89.22305764411027,82.70676691729322,78.19548872180451
River Plate,797.41,92.75,1.7,1.7,0.79,0.76,0.94,88.97243107769424,78.19548872180451,88.47117794486216
Sudtirol,475.12,13.3,1.3,1.05,0.84,1.0,0.30000000000000004,88.7218045112782,75.6892230576441,63.40852130325815
Tenerife,476.9,18.8,0.96,1.08,0.92,0.59,0.37,88.47117794486216,74.43609022556392,65.6641604010025
Cambridge United,224.44,5.88,0.84,1.13,1.27,1.05,-0.21000000000000008,88.22055137844612,76.69172932330827,24.81203007518797
Rangers,372.89,104.55,1.71,1.94,0.73,0.5,1.21,87.96992481203007,94.73684210526315,91.72932330827066
Manchester United,10410.0,877.3,1.08,1.54,1.21,1.28,-0.19999999999999996,87.71929824561403,94.23558897243107,95.23809523809523
Flamengo,1440.0,160.7,1.29,1.3,1.4,0.98,0.31000000000000005,87.468671679198,88.47117794486216,74.43609022556392
Udinese,4580.0,155.88,0.45,1.15,1.28,1.36,-0.9100000000000001,87.21804511278195,82.95739348370927,31.82957393483709
Viktoria Plzen,217.78,29.18,2.5,1.92,1.48,1.33,1.17,86.96741854636592,79.69924812030075,84.9624060150376
Malmo FF,229.08,31.35,1.96,1.67,0.85,0.78,1.18,86.71679197994987,89.97493734335839,87.71929824561403
Leeds United,10410.0,206.3,1.48,1.53,0.98,0.96,0.52,86.46616541353383,90.47619047619048,91.97994987468672
Vancouver Whitecaps,1270.0,38.9,1.47,1.58,1.2,1.28,0.18999999999999995,86.21553884711778,58.89724310776943,66.9172932330827
Grêmio,1440.0,57.75,1.35,1.31,1.49,1.25,0.10000000000000009,85.96491228070175,80.95238095238095,53.383458646616546
IF Elfsborg,229.08,17.85,1.83,1.73,0.92,0.77,1.06,85.71428571428571,87.71929824561403,85.96491228070175
Velez Sarsfield,797.41,44.05,0.89,0.85,0.97,0.94,-0.04999999999999993,85.46365914786968,66.16541353383458,44.86215538847117
Cerezo Osaka,254.5,15.0,1.16,1.14,1.2,0.92,0.23999999999999988,85.21303258145363,60.150375939849624,52.63157894736842
Osasuna,4660.0,116.6,0.99,1.21,1.49,1.25,-0.26,84.9624060150376,53.383458646616546,56.89223057644111
Basel,280.76,34.05,1.31,1.58,1.51,1.29,0.020000000000000018,84.71177944862156,60.6516290726817,45.86466165413533
Hatayspor,1190.0,21.38,1.59,1.23,1.04,1.1,0.49,84.46115288220551,93.734335839599,72.18045112781954
Bolton,224.44,9.93,1.54,1.36,1.25,1.18,0.3600000000000001,84.21052631578947,52.130325814536334,59.14786967418546
KAA Gent,832.45,79.65,1.29,1.53,1.13,0.97,0.32000000000000006,83.95989974937343,78.44611528822055,73.68421052631578
Sampdoria,4580.0,32.78,0.89,1.5,1.18,1.16,-0.2699999999999999,83.70927318295739,69.17293233082707,59.64912280701754
Girona FC,4660.0,161.1,2.1,1.62,1.41,1.14,0.9600000000000002,83.45864661654136,85.96491228070175,90.72681704260651
Bastia,339.0,432.6,0.9,0.97,1.51,1.4,-0.4999999999999999,83.20802005012531,84.71177944862156,57.89473684210527
Mansfield Town,101.25,4.53,1.45,1.64,0.93,0.69,0.76,82.95739348370927,90.72681704260651,80.20050125313283
Colchester United,101.25,4.43,1.21,1.59,1.7,1.81,-0.6000000000000001,82.70676691729322,38.59649122807017,11.278195488721805
Sevilla FC,4660.0,187.1,1.37,1.25,1.25,1.27,0.10000000000000009,82.45614035087719,82.20551378446115,79.69924812030075
FC St. Pauli,382.35,19.45,1.82,1.6,0.91,0.73,1.09,82.20551378446115,57.14285714285714,85.71428571428571
Sagan Tosu,254.5,10.6,1.18,1.0,1.58,1.21,-0.030000000000000027,81.95488721804512,16.791979949874687,22.55639097744361
Monza,4580.0,103.0,0.81,1.44,1.4,0.81,0.0,81.70426065162907,72.93233082706767,71.67919799498746
Cremonese,4580.0,40.73,1.09,1.64,0.84,1.0,0.09000000000000008,81.45363408521304,89.72431077694235,79.9498746867168
New York City FC,1270.0,49.5,0.93,1.21,1.06,1.04,-0.10999999999999999,81.203007518797,73.68421052631578,50.877192982456144
Tromso,213.21,10.15,1.44,1.31,1.22,1.03,0.4099999999999999,80.95238095238095,70.17543859649122,61.904761904761905
Swindon Town,101.25,3.58,2.13,1.49,1.4,1.37,0.7599999999999998,80.7017543859649,84.9624060150376,72.93233082706767
TSG Hoffenheim,3970.0,151.2,1.87,1.56,1.78,1.54,0.33000000000000007,80.45112781954887,73.93483709273183,77.69423558897243
Eintracht Braunschweig,382.35,13.83,0.54,1.24,1.32,1.62,-1.08,80.20050125313283,63.1578947368421,6.516290726817042
FC Lugano,280.76,24.16,1.52,1.46,1.26,1.21,0.31000000000000005,79.9498746867168,73.43358395989975,61.40350877192983
Arminia Bielefeld,382.35,6.55,1.37,1.49,1.07,1.59,-0.21999999999999997,79.69924812030075,86.71679197994987,38.59649122807017
Hannover 96,382.35,25.68,1.94,1.58,1.35,1.06,0.8799999999999999,79.4486215538847,72.68170426065163,79.4486215538847
Necaxa,824.85,27.8,0.95,0.94,1.41,1.47,-0.52,79.19799498746866,31.32832080200501,14.035087719298245
Alavés,476.9,52.2,0.7,1.14,1.17,1.23,-0.53,78.94736842105263,68.92230576441104,19.548872180451127
Arsenal Sarandi,797.41,7.89,1.76,1.65,1.01,0.78,0.98,78.69674185463658,80.45112781954887,84.71177944862156
Atletico Madrid,4660.0,472.0,2.28,1.5,1.0,0.79,1.4899999999999998,78.44611528822055,91.47869674185463,95.73934837092732
1. FC Union Berlin,3970.0,192.5,1.24,1.27,1.38,1.91,-0.6699999999999999,78.19548872180451,21.052631578947366,49.373433583959894
Wycombe Wanderers,224.44,6.25,1.32,1.38,1.2,1.25,0.07000000000000006,77.94486215538848,28.07017543859649,48.62155388471178
Union Saint Gilloise,832.45,35.85,2.11,2.36,0.95,1.06,1.0499999999999998,77.69423558897243,67.91979949874687,90.22556390977444
Galatasaray,1190.0,236.58,1.78,1.84,0.61,0.49,1.29,77.44360902255639,92.23057644110276,92.98245614035088
Instituto,797.41,14.68,0.83,1.04,0.98,1.01,-0.18000000000000005,77.19298245614034,19.047619047619047,34.58646616541353
Bologna,4580.0,166.45,1.0,1.17,1.19,0.7,0.30000000000000004,76.94235588972431,78.94736842105263,82.20551378446115
Athletic Bilbao,4660.0,218.8,1.45,1.58,0.98,0.9,0.5499999999999999,76.69172932330827,88.22055137844612,90.47619047619048
Crystal Palace,10410.0,369.45,0.69,1.17,1.3,1.09,-0.40000000000000013,76.44110275689223,93.48370927318295,86.96741854636592
Eintracht Frankfurt,3970.0,170.15,1.02,1.14,1.46,0.68,0.33999999999999997,76.19047619047619,71.9298245614035,78.44611528822055
Fleetwood Town,224.44,8.53,0.59,1.12,1.25,1.39,-0.7999999999999999,75.93984962406014,8.270676691729323,9.273182957393484
Racing Club,797.41,198.45,1.18,1.06,1.26,1.15,0.030000000000000027,75.6892230576441,65.91478696741855,63.90977443609023
SV Darmstadt 98,382.35,32.8,1.46,1.39,1.56,2.48,-1.02,75.43859649122807,55.88972431077694,7.518796992481203
Portsmouth,224.44,10.18,1.46,1.65,1.08,0.53,0.9299999999999999,75.18796992481202,85.71428571428571,82.95739348370927
Sivasspor,1190.0,18.28,1.0,0.92,0.98,1.21,-0.20999999999999996,74.93734335839599,6.516290726817042,33.08270676691729
Swansea City,1680.0,65.5,1.4,1.4,1.28,1.25,0.1499999999999999,74.68671679197995,75.18796992481202,64.66165413533834
Orlando City SC,1270.0,46.28,1.46,1.21,1.25,1.04,0.41999999999999993,74.43609022556392,63.65914786967418,67.91979949874687
Nagoya Grampus Eight,254.5,14.2,1.12,1.14,1.15,0.91,0.21000000000000008,74.18546365914787,71.42857142857143,52.130325814536334
Lecce,4580.0,81.53,1.01,1.03,1.4,1.13,-0.11999999999999988,73.93483709273183,26.065162907268167,57.64411027568922
Young Boys,280.76,56.45,2.13,1.99,1.21,0.78,1.3499999999999999,73.68421052631578,63.40852130325815,89.47368421052632
Argentinos Juniors,797.41,42.75,1.14,1.38,1.07,0.91,0.22999999999999987,73.43358395989975,49.122807017543856,66.41604010025063
Santos Laguna,824.85,59.3,1.45,1.26,1.67,1.89,-0.43999999999999995,73.1829573934837,79.4486215538847,17.543859649122805
Monterrey,824.85,83.3,1.41,1.34,0.93,0.97,0.43999999999999995,72.93233082706767,71.67919799498746,77.19298245614034
Pumas Unam,824.85,34.8,1.61,1.53,1.25,1.1,0.51,72.68170426065163,84.46115288220551,73.93483709273183
Antwerp,832.45,98.2,1.58,1.68,0.98,0.66,0.92,72.4310776942356,58.39598997493734,86.46616541353383
Ascoli,475.12,16.0,1.08,1.09,1.3,1.08,0.0,72.18045112781954,61.152882205513784,34.08521303258145
Lazio,4580.0,280.28,1.21,1.28,1.35,1.21,0.0,71.9298245614035,61.40350877192983,81.70426065162907
Club Brugge,832.45,121.75,1.89,1.88,0.88,0.99,0.8999999999999999,71.67919799498746,77.94486215538848,88.97243107769424
Querétaro,824.85,20.9,0.95,0.91,1.38,1.62,-0.6700000000000002,71.42857142857143,69.42355889724311,9.774436090225564
Seattle Sounders FC,1270.0,49.15,1.09,1.37,0.92,0.85,0.2400000000000001,71.17794486215539,45.614035087719294,70.67669172932331
Real Valladolid,4660.0,33.5,1.13,1.08,0.83,0.81,0.31999999999999984,70.92731829573935,49.87468671679198,79.19799498746866
Sandefjord,213.21,6.5,1.4,1.11,2.0,1.85,-0.4500000000000002,70.67669172932331,61.904761904761905,8.270676691729323
Ajax,967.18,181.65,1.73,1.48,1.78,1.98,-0.25,70.42606516290726,15.288220551378446,45.614035087719294
Accrington Stanley,224.44,2.95,1.26,1.38,1.23,1.13,0.13000000000000012,70.17543859649122,83.70927318295739,49.87468671679198
Elche,4660.0,35.3,0.68,1.22,0.95,0.98,-0.29999999999999993,69.92481203007519,90.22556390977444,58.89724310776943
Banfield,797.41,26.1,0.68,0.99,1.04,0.94,-0.2599999999999999,69.67418546365914,50.877192982456144,29.82456140350877
Go Ahead Eagles,967.18,14.48,1.74,1.6,1.95,1.54,0.19999999999999996,69.42355889724311,75.43859649122807,42.10526315789473
Estudiantes,797.41,43.58,1.02,1.15,0.79,0.87,0.15000000000000002,69.17293233082707,20.050125313283207,65.16290726817043
Forest Green Rovers,224.44,7.13,1.09,1.49,1.34,1.64,-0.5499999999999998,68.92230576441104,75.93984962406014,16.791979949874687
Stevenage,101.25,5.9,1.1,1.39,0.95,0.91,0.19000000000000006,68.67167919799499,58.64661654135338,58.64661654135338
Villarreal,4660.0,186.2,1.07,1.17,1.57,1.42,-0.34999999999999987,68.42105263157895,77.44360902255639,58.39598997493734
SC Freiburg,3970.0,164.83,1.01,1.84,1.37,1.57,-0.56,68.1704260651629,57.89473684210527,62.40601503759399
Mirandes,476.9,11.6,1.34,1.0,1.09,1.49,-0.1499999999999999,67.91979949874687,28.32080200501253,31.07769423558897
FC Augsburg,3970.0,121.45,1.92,1.2,1.53,2.18,-0.26000000000000023,67.66917293233082,49.62406015037594,53.88471177944862
OFI Crete,414.35,11.45,1.11,1.38,0.97,1.0,0.1100000000000001,67.41854636591479,62.65664160401002,57.14285714285714
Lanus,797.41,31.98,1.06,1.23,0.91,0.93,0.13,67.16791979949875,74.18546365914787,60.6516290726817
Istanbul Basaksehir,1190.0,60.2,0.51,0.88,1.32,1.11,-0.6000000000000001,66.9172932330827,4.761904761904762,15.538847117794486
Atlanta United FC,1270.0,65.25,1.75,1.42,1.28,1.41,0.3400000000000001,66.66666666666666,65.41353383458647,69.42355889724311
Alanyaspor,1190.0,28.65,0.89,0.93,1.14,1.11,-0.22000000000000008,66.41604010025063,31.82957393483709,30.32581453634085
DC United,1270.0,29.05,1.19,1.48,1.11,1.3,-0.1100000000000001,66.16541353383458,54.88721804511278,52.88220551378446
Club América,824.85,87.9,2.06,1.87,0.69,0.96,1.1,65.91478696741855,66.41604010025063,90.97744360902256
Atletico Mineiro,1440.0,83.4,1.04,1.15,0.96,0.68,0.36,65.6641604010025,87.96992481203007,75.6892230576441
Aberdeen,372.89,15.63,1.1,1.44,1.39,1.1,0.0,65.41353383458647,5.263157894736842,41.35338345864661
Platense,797.41,12.58,0.91,0.91,1.05,1.04,-0.13,65.16290726817043,21.553884711779446,32.08020050125313
Annecy,339.0,9.7,1.07,1.23,1.05,1.23,-0.15999999999999992,64.91228070175438,26.81704260651629,35.58897243107769
São Paulo,1440.0,160.3,1.06,1.34,0.96,0.91,0.15000000000000002,64.66165413533834,9.273182957393484,76.94235588972431
IFK Norrkoping,229.08,14.68,1.38,1.21,1.13,1.31,0.06999999999999984,64.41102756892231,1.0025062656641603,47.61904761904761
Peterborough United,224.44,14.43,1.38,1.62,1.07,0.96,0.41999999999999993,64.16040100250626,27.56892230576441,71.17794486215539
Fluminense,1440.0,77.3,1.19,1.38,1.15,1.1,0.08999999999999986,63.90977443609023,25.563909774436087,64.91228070175438
Exeter City,224.44,6.78,0.75,1.33,1.36,1.1,-0.3500000000000001,63.65914786967418,37.34335839598997,20.551378446115287
Real Salt Lake,1270.0,38.73,1.29,1.17,1.31,1.34,-0.050000000000000044,63.40852130325815,51.37844611528822,43.859649122807014
Sarpsborg,213.21,9.88,1.77,1.77,1.54,1.52,0.25,63.1578947368421,29.82456140350877,56.14035087719298
Degerfors IF,229.08,7.85,0.87,1.12,1.64,1.91,-1.04,62.907268170426065,42.10526315789473,3.7593984962406015
SV Sandhausen,382.35,6.35,1.21,1.55,1.31,1.13,0.08000000000000007,62.65664160401002,70.92731829573935,50.37593984962406
1. FC Nürnberg,382.35,19.63,1.58,1.63,1.31,1.77,-0.18999999999999995,62.40601503759399,54.385964912280706,37.84461152882205
Los Angeles Galaxy,1270.0,46.43,1.36,1.42,1.55,1.79,-0.42999999999999994,62.15538847117794,14.035087719298245,23.05764411027569
Sarmiento,797.41,10.68,0.73,0.88,1.21,0.78,-0.050000000000000044,61.904761904761905,53.88471177944862,31.32832080200501
Verona,4580.0,89.28,0.6,0.7,1.31,1.09,-0.4900000000000001,61.65413533834586,61.65413533834586,32.581453634085214
Austin FC,1270.0,46.4,1.3,1.21,1.47,1.46,-0.15999999999999992,61.40350877192983,46.11528822055138,32.33082706766917
SpVgg Greuther Fürth,382.35,21.55,1.4,1.62,1.17,1.61,-0.2100000000000002,61.152882205513784,55.13784461152882,41.854636591478695
Sporting Kansas City,1270.0,36.68,1.28,1.16,1.22,1.37,-0.09000000000000008,60.902255639097746,25.062656641604008,44.11027568922306
León,824.85,62.63,1.08,1.35,0.81,0.94,0.14000000000000012,60.6516290726817,87.468671679198,68.92230576441104
Barrow,101.25,3.23,1.03,1.15,1.26,0.96,0.07000000000000006,60.40100250626567,64.41102756892231,37.34335839598997
FC Midtjylland,268.93,41.65,1.24,1.38,1.12,1.24,0.0,60.150375939849624,39.097744360902254,51.8796992481203
Pisa,475.12,30.6,0.79,0.97,1.18,0.79,0.0,59.899749373433586,64.91228070175438,38.095238095238095
Beijing Guoan,142.19,10.63,1.64,1.42,1.03,1.24,0.3999999999999999,59.64912280701754,37.84461152882205,67.66917293233082
Heerenveen,967.18,32.58,1.03,1.17,1.74,2.17,-1.14,59.3984962406015,29.07268170426065,4.010025062656641
Atlético San Luis,824.85,36.6,1.78,1.54,1.42,1.21,0.5700000000000001,59.14786967418546,52.63157894736842,72.68170426065163
Lyngby,268.93,8.55,0.99,1.22,1.49,1.44,-0.44999999999999996,58.89724310776943,60.902255639097746,14.536340852130325
Excelsior,967.18,19.8,1.63,1.41,1.42,1.52,0.10999999999999988,58.64661654135338,28.57142857142857,50.6265664160401
Burnley,1680.0,256.75,0.7,0.81,1.94,2.28,-1.5799999999999998,58.39598997493734,15.037593984962406,2.506265664160401
Servette,280.76,27.71,1.37,1.6,1.32,1.19,0.18000000000000016,58.1453634085213,52.88220551378446,57.393483709273184
Salford City,101.25,5.1,1.44,1.12,1.5,1.51,-0.07000000000000006,57.89473684210527,29.57393483709273,24.06015037593985
Internacional,1440.0,90.6,0.96,1.07,1.26,1.03,-0.07000000000000006,57.64411027568922,45.363408521303256,50.125313283208015
Kashiwa Reysol,254.5,13.4,0.84,1.11,1.11,1.26,-0.42000000000000004,57.393483709273184,3.007518796992481,19.799498746867165
Dinamo Zagreb,227.34,79.8,1.94,1.72,0.66,0.83,1.1099999999999999,57.14285714285714,86.46616541353383,89.72431077694235
Grenoble,339.0,12.15,1.17,1.61,1.05,0.59,0.58,56.89223057644111,88.97243107769424,76.69172932330827
Schalke 04,3970.0,31.15,1.25,1.32,2.1,2.05,-0.7999999999999998,56.64160401002506,36.340852130325814,10.025062656641603
Granada,476.9,68.1,1.3,1.08,1.91,2.16,-0.8600000000000001,56.390977443609025,25.81453634085213,6.265664160401002
Charlton Athletic,224.44,9.43,1.54,1.45,1.09,1.02,0.52,56.14035087719298,59.14786967418546,70.92731829573935
Silkeborg,268.93,11.73,1.76,1.64,0.97,0.76,1.0,55.88972431077694,65.6641604010025,84.46115288220551
Racing Santander,476.9,14.1,1.53,1.18,1.25,1.05,0.48,55.639097744360896,56.14035087719298,63.65914786967418
Boca Juniors,797.41,79.53,1.14,1.05,1.1,0.92,0.21999999999999986,55.388471177944865,81.45363408521304,62.65664160401002
Crawley Town,101.25,2.43,1.49,1.3,1.29,1.63,-0.1399999999999999,55.13784461152882,60.40100250626567,28.32080200501253
1. FC Kaiserslautern,382.35,17.6,1.85,2.16,1.42,1.59,0.26,54.88721804511278,44.86215538847117,68.1704260651629
Kawasaki Frontale,254.5,16.28,1.29,1.41,1.22,1.23,0.06000000000000005,54.63659147869674,54.13533834586466,49.62406015037594
Vasco da Gama,1440.0,69.45,0.87,1.23,1.19,1.22,-0.35,54.385964912280706,55.639097744360896,35.83959899749373
Viborg,268.93,12.78,0.84,1.16,1.28,1.44,-0.6,54.13533834586466,46.8671679197995,13.784461152882205
Cercle Brugge,832.45,28.65,1.13,1.71,1.1,0.89,0.23999999999999988,53.88471177944862,57.64411027568922,69.17293233082707
Laval,339.0,8.55,1.2,1.51,0.76,0.46,0.74,53.63408521303258,44.11027568922306,81.45363408521304
Palmeiras,1440.0,160.3,1.3,1.29,1.01,0.78,0.52,53.383458646616546,87.21804511278195,82.70676691729322
América Mineiro,1440.0,28.18,0.97,1.4,1.41,1.8,-0.8300000000000001,53.1328320802005,47.11779448621554,12.781954887218044
Portland Timbers,1270.0,39.8,1.23,1.22,1.3,1.55,-0.32000000000000006,52.88220551378446,43.10776942355889,28.57142857142857
Colorado Rapids,1270.0,34.03,0.7,1.05,1.42,1.46,-0.76,52.63157894736842,3.258145363408521,10.526315789473683
Columbus Crew,1270.0,41.95,1.77,1.46,1.2,1.22,0.55,52.38095238095239,39.849624060150376,76.44110275689223
Bordeaux,339.0,34.85,0.66,1.54,1.0,1.16,-0.4999999999999999,52.130325814536334,53.63408521303258,30.576441102756892
FC Luzern,280.76,26.55,1.4,1.66,1.4,1.35,0.04999999999999982,51.8796992481203,28.82205513784461,51.37844611528822
Wolverhampton,10410.0,320.48,1.08,1.12,1.78,1.47,-0.3899999999999999,51.62907268170426,84.21052631578947,81.95488721804512
Yokohama FC,254.5,9.83,0.78,1.0,1.54,1.56,-0.78,51.37844611528822,45.86466165413533,7.268170426065162
Leicester City,10410.0,252.0,1.95,1.8,0.9,0.53,1.42,51.127819548872175,90.97744360902256,95.98997493734336
Spezia,4580.0,41.65,0.67,1.18,0.95,1.23,-0.5599999999999999,50.877192982456144,17.543859649122805,47.86967418546366
Ipswich Town,224.44,32.08,2.0,1.7,1.15,1.04,0.96,50.6265664160401,42.857142857142854,83.95989974937343
Celta Vigo,4660.0,117.8,0.88,1.44,1.46,1.59,-0.7100000000000001,50.37593984962406,56.64160401002506,40.35087719298245
Chicago Fire,1270.0,35.9,1.04,1.03,1.4,1.36,-0.32000000000000006,50.125313283208015,59.899749373433586,22.807017543859647
NEC,967.18,106.0,1.42,1.21,1.74,1.62,-0.20000000000000018,49.87468671679198,27.31829573934837,29.32330827067669
FC Cincinnati,1270.0,47.35,1.51,1.61,1.08,1.03,0.48,49.62406015037594,16.541353383458645,77.94486215538848
Gamba Osaka,254.5,13.98,1.11,1.35,1.37,1.62,-0.51,49.373433583959894,11.528822055137844,16.541353383458645
KV Kortrijk,832.45,25.4,0.74,1.17,1.63,1.8,-1.06,49.122807017543856,38.095238095238095,5.012531328320802
Rosenborg,213.21,21.95,1.17,1.4,1.45,1.5,-0.33000000000000007,48.87218045112782,7.769423558897243,21.804511278195488
IK Sirius,229.08,9.48,1.44,1.56,1.25,1.34,0.09999999999999987,48.62155388471178,4.511278195488721,53.1328320802005
OH Leuven,832.45,29.35,1.46,1.48,1.53,1.55,-0.09000000000000008,48.370927318295735,39.34837092731829,36.59147869674185
Sheffield Wednesday,224.44,19.65,0.37,0.54,1.07,1.4,-1.0299999999999998,48.1203007518797,43.859649122807014,4.260651629072681
Reading,1680.0,18.15,0.65,1.1,1.26,1.37,-0.7200000000000001,47.86967418546366,23.308270676691727,14.285714285714285
Barracas Central,797.41,13.83,0.82,0.88,1.01,1.21,-0.39,47.61904761904761,22.305764411027567,21.553884711779446
Rotherham United,1680.0,17.1,0.81,0.54,1.89,1.77,-0.96,47.368421052631575,30.576441102756892,2.0050125313283207
Stromsgodset,213.21,7.4,1.07,1.42,1.48,1.22,-0.1499999999999999,47.11779448621554,12.280701754385964,27.06766917293233
Philadelphia Union,1270.0,53.95,1.5,1.42,1.26,1.08,0.41999999999999993,46.8671679197995,81.203007518797,71.9298245614035
Wigan,1680.0,9.13,1.23,1.0,1.87,1.23,0.0,46.616541353383454,17.293233082706767,23.308270676691727
Bristol Rovers,224.44,12.38,1.25,1.24,1.14,1.25,0.0,46.365914786967416,50.37593984962406,43.10776942355889
Milton Keynes Dons,224.44,6.4,1.2,1.16,1.27,1.33,-0.13000000000000012,46.11528822055138,48.1203007518797,27.56892230576441
Konyaspor,1190.0,29.93,0.9,0.82,1.03,1.2,-0.29999999999999993,45.86466165413533,49.373433583959894,26.81704260651629
West Bromwich Albion,1680.0,62.65,1.34,1.09,1.08,1.04,0.30000000000000004,45.614035087719294,62.40601503759399,68.67167919799499
Union Santa Fe,797.41,20.3,0.69,0.89,0.97,0.82,-0.13,45.363408521303256,26.31578947368421,34.83709273182957
San Lorenzo,797.41,51.83,0.72,0.99,0.86,0.55,0.16999999999999993,45.11278195488722,45.11278195488722,61.65413533834586
Sutton United,101.25,3.75,1.2,1.04,1.51,2.09,-0.8899999999999999,44.86215538847117,1.7543859649122806,5.764411027568922
Getafe,4660.0,108.7,1.11,1.04,1.34,1.37,-0.26,44.611528822055135,34.335839598997495,56.64160401002506
Puebla,824.85,19.9,1.02,1.2,1.55,1.29,-0.27,44.3609022556391,32.33082706766917,20.80200501253133
Atlético Tucumán,797.41,26.88,0.76,0.95,1.09,0.84,-0.07999999999999996,44.11027568922306,57.393483709273184,36.84210526315789
Crewe Alexandra,101.25,4.4,2.11,1.4,1.58,1.43,0.6799999999999999,43.859649122807014,89.47368421052632,65.91478696741855
Valencia,4660.0,177.9,0.98,0.86,1.0,1.07,-0.09000000000000008,43.609022556390975,69.67418546365914,75.43859649122807
Las Palmas,476.9,53.9,0.53,0.87,1.26,0.8,-0.27,43.35839598997494,36.59147869674185,23.809523809523807
St Gallen,280.76,24.35,1.7,1.77,1.44,1.34,0.3599999999999999,43.10776942355889,68.42105263157895,66.16541353383458
Brescia,475.12,17.8,0.78,1.19,1.24,0.26,0.52,42.857142857142854,11.779448621553884,66.66666666666666
Guingamp,339.0,16.4,1.48,1.33,1.06,0.99,0.49,42.606516290726816,37.092731829573935,69.67418546365914
Albirex Niigata,254.5,11.53,1.03,1.08,1.23,1.21,-0.17999999999999994,42.35588972431078,42.606516290726816,26.31578947368421
VfL Bochum,3970.0,55.8,0.77,1.19,2.39,2.45,-1.6800000000000002,42.10526315789473,38.847117794486216,0.7518796992481203
Norwich City,1680.0,69.85,1.7,1.37,1.78,1.63,0.07000000000000006,41.854636591478695,24.561403508771928,48.1203007518797
Randers FC,268.93,12.65,1.15,1.05,1.27,1.73,-0.5800000000000001,41.60401002506266,16.040100250626566,13.032581453634084
Tigre,797.41,62.5,0.73,1.22,0.95,0.96,-0.22999999999999998,41.35338345864661,41.10275689223057,47.368421052631575
Holstein Kiel,382.35,18.95,1.62,1.56,1.44,1.44,0.18000000000000016,41.10275689223057,32.83208020050125,53.63408521303258
Charlotte FC,1270.0,36.63,1.19,1.01,1.34,1.38,-0.18999999999999995,40.852130325814535,41.854636591478695,29.07268170426065
Jahn Regensburg,382.35,5.4,1.39,1.41,0.96,0.77,0.6199999999999999,40.6015037593985,21.804511278195488,76.19047619047619
FC Volendam,967.18,11.23,0.9,1.26,1.57,2.03,-1.13,40.35087719298245,43.35839598997494,4.511278195488721
Eupen,832.45,24.79,1.14,1.04,2.31,2.12,-0.9800000000000002,40.100250626566414,39.59899749373433,1.5037593984962405
FC Cartagena,476.9,15.0,0.73,1.06,1.15,1.45,-0.72,39.849624060150376,31.57894736842105,12.280701754385964
Inter Miami CF,1270.0,90.6,1.09,1.19,1.44,1.44,-0.34999999999999987,39.59899749373433,18.546365914786968,29.57393483709273
Aalesund,213.21,7.4,0.78,1.35,1.77,2.04,-1.26,39.34837092731829,44.611528822055135,1.7543859649122806
1. FC Magdeburg,382.35,15.95,1.71,1.32,1.57,1.53,0.17999999999999994,39.097744360902254,18.295739348370926,42.606516290726816
Antalyaspor,1190.0,31.43,0.89,0.95,1.0,1.09,-0.20000000000000007,38.847117794486216,58.1453634085213,36.340852130325814
Leyton Orient,101.25,5.85,0.82,1.2,1.14,1.1,-0.28000000000000014,38.59649122807017,30.32581453634085,25.563909774436087
Newport County,101.25,3.4,1.5,1.16,1.17,1.81,-0.31000000000000005,38.34586466165413,48.87218045112782,22.305764411027567
Bristol City,1680.0,33.0,1.13,1.24,1.36,0.98,0.1499999999999999,38.095238095238095,63.90977443609023,55.13784461152882
Rosario Central,797.41,21.93,1.1,1.11,1.29,0.95,0.15000000000000013,37.84461152882205,68.67167919799499,48.87218045112782
Northampton Town,101.25,5.45,0.89,1.29,1.14,0.96,-0.06999999999999995,37.59398496240601,50.6265664160401,37.092731829573935
Godoy Cruz,797.41,19.55,1.17,1.04,1.1,0.96,0.20999999999999996,37.34335839598997,51.127819548872175,54.88721804511278
Lillestrom,213.21,12.25,1.56,1.87,1.39,1.35,0.20999999999999996,37.092731829573935,72.4310776942356,59.899749373433586
Bradford City,101.25,5.35,0.96,1.24,1.07,0.96,0.0,36.84210526315789,3.508771929824561,44.3609022556391
Consadole Sapporo,254.5,11.2,1.54,1.66,1.25,1.72,-0.17999999999999994,36.59147869674185,27.819548872180448,39.59899749373433
RKC,967.18,11.13,1.03,1.25,1.57,1.71,-0.6799999999999999,36.340852130325814,3.7593984962406015,10.275689223057643
Pau,339.0,160.3,1.32,0.84,1.77,1.49,-0.16999999999999993,36.09022556390977,66.66666666666666,26.065162907268167
Karlsruher SC,382.35,15.35,1.44,1.5,1.35,1.44,0.0,35.83959899749373,35.338345864661655,45.363408521303256
Goiás,1440.0,23.13,0.87,0.99,1.24,1.19,-0.31999999999999995,35.58897243107769,34.08521303258145,25.31328320802005
PAOK Salonika,414.35,64.5,1.91,1.4,0.94,0.64,1.27,35.338345864661655,81.70426065162907,88.22055137844612
Borussia Monchengladbach,3970.0,192.3,1.55,1.51,1.93,2.11,-0.5599999999999998,35.08771929824561,24.06015037593985,42.857142857142854
Preston North End,1680.0,45.55,1.21,0.86,1.12,1.36,-0.15000000000000013,34.83709273182957,4.260651629072681,38.34586466165413
Haugesund,213.21,8.43,0.88,1.01,1.69,1.25,-0.37,34.58646616541353,22.05513784461153,11.027568922305765
Shenzhen FC,142.19,5.43,0.82,0.75,1.6,2.0,-1.1800000000000002,34.335839598997495,12.030075187969924,1.0025062656641603
St. Louis CITY SC,1270.0,37.1,1.66,1.24,1.35,1.2,0.45999999999999996,34.08521303258145,51.8796992481203,67.41854636591479
Levante,476.9,24.7,1.11,1.05,1.18,0.67,0.44000000000000006,33.83458646616541,8.020050125313283,62.15538847117794
Modena,475.12,16.75,0.81,1.07,0.7,0.81,0.0,33.583959899749374,74.68671679197995,54.385964912280706
Coritiba,1440.0,38.75,0.95,0.94,1.6,1.86,-0.9100000000000001,33.33333333333333,37.59398496240601,7.769423558897243
Doncaster Rovers,101.25,4.73,1.19,0.99,1.37,1.38,-0.18999999999999995,33.08270676691729,34.58646616541353,19.298245614035086
Como,475.12,28.9,1.21,1.12,1.22,1.21,0.0,32.83208020050125,31.07769423558897,40.852130325814535
Kayserispor,1190.0,27.83,1.0,1.38,1.23,0.9,0.09999999999999998,32.581453634085214,13.533834586466165,56.390977443609025
Port Vale,224.44,6.28,0.75,1.14,1.09,1.36,-0.6100000000000001,32.33082706766917,71.17794486215539,15.037593984962406
Houston Dynamo,1270.0,31.93,1.34,1.26,1.24,1.0,0.3400000000000001,32.08020050125313,35.83959899749373,65.41353383458647
Standard Liege,832.45,57.3,1.05,1.13,1.36,0.89,0.16000000000000003,31.82957393483709,18.796992481203006,52.38095238095239
Sunderland,1680.0,62.05,1.56,1.5,1.1,1.04,0.52,31.57894736842105,20.551378446115287,78.69674185463658
Hartlepool,101.25,2.88,1.44,1.44,1.29,1.55,-0.1100000000000001,31.32832080200501,34.83709273182957,33.33333333333333
Djurgardens IF,229.08,16.88,1.21,1.47,0.98,0.98,0.22999999999999998,31.07769423558897,1.5037593984962405,64.16040100250626
Los Angeles FC,1270.0,59.23,1.44,1.51,1.09,1.04,0.3999999999999999,30.82706766917293,70.42606516290726,75.93984962406014
Cittadella,475.12,11.6,0.89,1.16,1.27,1.16,-0.2699999999999999,30.576441102756892,67.66917293233082,24.561403508771928
Rodez,339.0,10.78,1.63,1.45,1.22,1.31,0.31999999999999984,30.32581453634085,46.616541353383454,61.152882205513784
Cagliari,475.12,70.43,0.51,1.03,1.48,1.82,-1.31,30.075187969924812,43.609022556390975,3.007518796992481
Real Oviedo,476.9,29.8,0.69,0.92,0.93,0.53,0.15999999999999992,29.82456140350877,62.15538847117794,54.13533834586466
SD Huesca,476.9,16.9,0.52,0.61,0.98,0.97,-0.44999999999999996,29.57393483709273,7.518796992481203,16.290726817042607
Guadalajara,824.85,70.3,1.3,1.02,1.11,1.09,0.20999999999999996,29.32330827067669,54.63659147869674,59.3984962406015
KV Mechelen,832.45,24.03,0.91,0.99,1.65,1.32,-0.41000000000000003,29.07268170426065,26.56641604010025,13.283208020050125
Espanyol,4660.0,66.0,1.61,1.56,1.11,0.88,0.7300000000000001,28.82205513784461,80.7017543859649,86.71679197994987
Corinthians,1440.0,88.15,1.08,1.01,1.43,1.14,-0.05999999999999983,28.57142857142857,35.08771929824561,43.35839598997494
Minnesota United FC,1270.0,37.88,1.25,1.52,1.46,1.36,-0.1100000000000001,28.32080200501253,20.30075187969925,45.11278195488722
Fiorentina,4580.0,255.15,2.03,1.15,1.33,1.24,0.7899999999999998,28.07017543859649,51.62907268170426,89.22305764411027
Hull City,1680.0,65.28,1.27,1.19,1.61,1.2,0.07000000000000006,27.819548872180448,5.012531328320802,48.370927318295735
Adana Demirspor,1190.0,45.9,2.07,1.56,1.16,0.98,1.0899999999999999,27.56892230576441,22.55639097744361,85.46365914786968
Luton Town,1680.0,87.2,0.79,1.36,1.92,1.69,-0.8999999999999999,27.31829573934837,2.2556390977443606,9.022556390977442
Barnsley,224.44,13.6,1.78,1.07,1.42,0.89,0.89,27.06766917293233,69.92481203007519,71.42857142857143
Rochdale,101.25,2.53,1.41,1.44,1.1,1.35,0.05999999999999983,26.81704260651629,56.89223057644111,51.127819548872175
Brommapojkarna,229.08,10.45,1.17,1.3,1.49,1.64,-0.47,26.56641604010025,10.025062656641603,14.786967418546364
Cosenza,475.12,15.18,1.23,1.14,1.34,0.96,0.27,26.31578947368421,12.781954887218044,51.62907268170426
Fulham,10410.0,304.0,0.88,1.28,1.68,1.43,-0.5499999999999999,26.065162907268167,78.69674185463658,80.7017543859649
Cruzeiro,1440.0,50.45,0.8,1.05,1.07,0.77,0.030000000000000027,25.81453634085213,6.265664160401002,54.63659147869674
Morecambe,224.44,4.65,1.33,0.99,1.48,1.11,0.21999999999999997,25.563909774436087,59.64912280701754,35.338345864661655
FC Andorra,476.9,18.3,0.99,1.25,1.09,1.32,-0.33000000000000007,25.31328320802005,20.80200501253133,28.07017543859649
Le Havre,339.0,49.5,1.02,1.02,1.6,1.22,-0.19999999999999996,25.062656641604008,24.31077694235589,20.050125313283207
Parma,475.12,53.65,1.8,1.38,1.14,0.72,1.08,24.81203007518797,70.67669172932331,84.21052631578947
FC Juárez,824.85,34.1,1.36,1.19,1.23,1.43,-0.06999999999999984,24.561403508771928,0.7518796992481203,41.60401002506266
Real Betis,4660.0,202.0,1.07,1.22,1.27,1.25,-0.17999999999999994,24.31077694235589,76.94235588972431,74.68671679197995
Mjallby,229.08,10.41,0.92,1.12,1.27,1.02,-0.09999999999999998,24.06015037593985,29.32330827067669,28.82205513784461
Cruz Azul,824.85,51.5,1.15,1.25,1.47,1.75,-0.6000000000000001,23.809523809523807,40.100250626566414,15.789473684210526
FC Tokyo,254.5,14.55,1.17,1.27,1.32,1.23,-0.06000000000000005,23.55889724310777,11.027568922305765,33.83458646616541
Werder Bremen,3970.0,91.3,1.36,1.41,2.04,2.04,-0.6799999999999999,23.308270676691727,0.2506265664160401,18.045112781954884
Atromitos,414.35,17.03,0.51,0.99,1.9,1.9,-1.39,23.05764411027569,23.05764411027569,0.5012531328320802
Defensa y Justicia,797.41,33.43,1.15,1.15,1.25,0.79,0.3599999999999999,22.807017543859647,67.16791979949875,60.902255639097746
Istanbulspor,1190.0,13.33,0.56,0.66,1.63,1.35,-0.79,22.55639097744361,10.275689223057643,6.015037593984962
Ternana,475.12,13.15,0.81,1.35,1.41,1.17,-0.3599999999999999,22.305764411027567,47.86967418546366,21.052631578947366
Carlisle United,101.25,6.55,0.7,0.87,1.25,1.08,-0.3800000000000001,22.05513784461153,33.08270676691729,15.288220551378446
Ross County,372.89,8.93,0.79,0.92,1.71,1.57,-0.78,21.804511278195488,27.06766917293233,5.263157894736842
Huddersfield Town,1680.0,28.28,0.97,1.27,1.44,1.42,-0.44999999999999996,21.553884711779446,6.7669172932330826,22.05513784461153
Shrewsbury Town,224.44,6.23,0.47,1.04,1.3,0.88,-0.41000000000000003,21.303258145363408,23.809523809523807,16.040100250626566
Harrogate Town,101.25,3.63,0.88,0.92,1.23,1.07,-0.19000000000000006,21.052631578947366,11.278195488721805,21.303258145363408
Tijuana,824.85,33.6,1.18,1.17,1.48,1.26,-0.08000000000000007,20.80200501253133,36.84210526315789,31.57894736842105
Millwall,1680.0,42.4,0.9,1.03,1.14,1.05,-0.15000000000000002,20.551378446115287,16.290726817042607,42.35588972431078
San Jose Earthquakes,1270.0,44.55,1.04,1.25,1.39,1.14,-0.09999999999999987,20.30075187969925,2.756892230576441,40.6015037593985
Tranmere Rovers,101.25,3.78,1.11,1.03,1.28,1.61,-0.5,20.050125313283207,41.35338345864661,13.533834586466165
Atlético Paranaense,1440.0,96.8,1.29,1.35,1.08,1.0,0.29000000000000004,19.799498746867165,68.1704260651629,74.93734335839599
CA Independiente,797.41,24.88,0.85,1.09,1.04,0.9,-0.050000000000000044,19.548872180451127,14.536340852130325,46.616541353383454
Atalanta,4580.0,324.6,1.72,1.32,0.71,0.91,0.8099999999999999,19.298245614035086,77.19298245614034,92.23057644110276
Lamia,414.35,10.53,1.02,1.02,1.24,1.36,-0.3400000000000001,19.047619047619047,22.807017543859647,18.546365914786968
Halmstads BK,229.08,7.6,0.81,1.14,1.64,1.38,-0.5699999999999998,18.796992481203006,46.365914786967416,9.523809523809524
Coventry City,1680.0,48.85,1.27,1.36,0.89,1.05,0.21999999999999997,18.546365914786968,74.93734335839599,72.4310776942356
Valenciennes,339.0,13.85,0.58,0.99,1.44,1.25,-0.67,18.295739348370926,13.032581453634084,8.771929824561402
Watford,1680.0,67.4,1.13,0.99,0.93,1.2,-0.07000000000000006,18.045112781954884,23.55889724310777,55.639097744360896
Genoa,475.12,107.75,1.12,0.73,0.97,1.34,-0.21999999999999997,17.794486215538846,55.388471177944865,37.59398496240601
Sheffield United,1680.0,154.95,0.67,0.82,2.45,2.31,-1.6400000000000001,17.543859649122805,15.538847117794486,0.2506265664160401
Motherwell,372.89,7.05,0.79,0.95,1.36,1.02,-0.22999999999999998,17.293233082706767,30.82706766917293,18.295739348370926
Palermo,475.12,32.3,1.53,1.68,0.83,0.44,1.09,17.042606516290725,52.38095238095239,87.21804511278195
Tigres UANL,824.85,62.5,1.75,1.35,1.11,0.94,0.81,16.791979949874687,32.08020050125313,81.203007518797
Shonan Bellmare,254.5,10.15,1.08,1.36,1.72,1.59,-0.51,16.541353383458645,0.5012531328320802,11.528822055137844
Blackpool,1680.0,15.9,1.1,1.28,1.04,0.9,0.20000000000000007,16.290726817042607,9.523809523809524,64.41102756892231
Mallorca,4660.0,92.8,1.05,1.38,1.33,1.4,-0.34999999999999987,16.040100250626566,24.81203007518797,58.1453634085213
Metz,339.0,34.5,0.81,0.69,1.91,1.61,-0.8,15.789473684210526,25.31328320802005,2.756892230576441
Santos,1440.0,70.9,1.0,1.19,1.26,1.46,-0.45999999999999996,15.538847117794486,15.789473684210526,27.31829573934837
Toluca,824.85,59.4,1.29,1.6,1.27,0.88,0.41000000000000003,15.288220551378446,42.35588972431078,73.1829573934837
Plymouth Argyle,224.44,18.13,1.35,1.44,1.58,1.42,-0.06999999999999984,15.037593984962406,44.3609022556391,30.075187969924812
Eibar,476.9,29.5,1.42,0.94,0.85,1.12,0.2999999999999998,14.786967418546364,56.390977443609025,62.907268170426065
Sanfrecce Hiroshima,254.5,14.85,1.09,1.52,0.76,0.82,0.27000000000000013,14.536340852130325,17.042606516290725,70.42606516290726
Albacete,476.9,16.1,1.14,1.35,1.32,1.38,-0.24,14.285714285714285,33.583959899749374,27.819548872180448
SC Paderborn,382.35,16.43,1.44,1.2,1.66,1.53,-0.09000000000000008,14.035087719298245,5.513784461152882,23.55889724310777
Mazatlán FC,824.85,34.8,1.19,1.07,1.59,1.46,-0.27,13.784461152882205,33.83458646616541,18.796992481203006
Sassuolo,4580.0,163.9,1.19,1.07,1.73,1.59,-0.40000000000000013,13.533834586466165,59.3984962406015,46.8671679197995
Gillingham,101.25,5.0,0.83,1.27,1.05,1.15,-0.31999999999999995,13.283208020050125,38.34586466165413,26.56641604010025
Viking FK,213.21,19.3,1.98,1.83,1.44,1.4,0.5800000000000001,13.032581453634084,85.46365914786968,73.43358395989975
Toronto FC,1270.0,35.78,0.71,0.91,1.63,1.61,-0.9000000000000001,12.781954887218044,4.010025062656641,6.7669172932330826
Grimsby Town,101.25,3.85,1.14,0.92,1.35,1.39,-0.25,12.531328320802004,5.764411027568922,17.293233082706767
Molde,213.21,21.85,2.02,1.95,1.28,1.1,0.9199999999999999,12.280701754385964,64.66165413533834,83.70927318295739
Villarreal B,476.9,17.5,1.41,1.22,1.2,1.56,-0.15000000000000013,12.030075187969924,19.548872180451127,32.83208020050125
Middlesbrough,1680.0,58.55,1.27,1.5,0.94,1.27,0.0,11.779448621553884,8.521303258145362,67.16791979949875
AIK,229.08,69.38,1.0,1.2,1.23,1.11,-0.1100000000000001,11.528822055137844,40.35087719298245,41.10275689223057
Hansa Rostock,382.35,17.28,0.98,1.38,1.9,1.42,-0.43999999999999995,11.278195488721805,9.022556390977442,12.030075187969924
Almeria,4660.0,160.3,1.14,1.4,1.83,2.53,-1.39,11.027568922305765,2.506265664160401,10.776942355889723
Paris FC,339.0,14.05,0.99,1.19,0.93,1.31,-0.32000000000000006,10.776942355889723,6.015037593984962,30.82706766917293
Livingston,372.89,8.93,0.89,1.06,1.32,1.48,-0.59,10.526315789473683,32.581453634085214,12.531328320802004
Everton,10410.0,350.7,0.89,1.8,1.47,1.39,-0.4999999999999999,10.275689223057643,77.69423558897243,87.468671679198
Hibernian,372.89,12.55,1.31,1.26,1.43,1.62,-0.31000000000000005,10.025062656641603,13.784461152882205,20.30075187969925
Asteras Tripolis,414.35,10.68,1.29,1.24,1.46,1.68,-0.3899999999999999,9.774436090225564,35.58897243107769,17.042606516290725
Derby County,224.44,19.5,1.33,1.45,1.04,0.89,0.44000000000000006,9.523809523809524,21.303258145363408,69.92481203007519
Queens Park Rangers,1680.0,40.73,0.66,0.89,1.62,1.61,-0.9500000000000001,9.273182957393484,1.2531328320802004,7.017543859649122
FC Utrecht,967.18,46.05,0.8,1.05,1.68,1.99,-1.19,9.022556390977442,12.531328320802004,3.258145363408521
Salernitana,4580.0,99.9,0.6,0.83,1.6,1.9,-1.2999999999999998,8.771929824561402,19.799498746867165,8.020050125313283
Real Zaragoza,476.9,31.6,1.1,0.86,0.85,0.81,0.29000000000000004,8.521303258145362,53.1328320802005,60.40100250626567
Pachuca,824.85,44.8,0.68,1.23,1.35,1.49,-0.8099999999999999,8.270676691729323,47.368421052631575,11.779448621553884
Winterthur,280.76,10.1,0.83,0.88,1.55,1.71,-0.88,8.020050125313283,66.9172932330827,4.761904761904762
Hammarby,229.08,21.3,1.23,1.07,1.27,1.16,0.07000000000000006,7.769423558897243,17.794486215538846,39.097744360902254
KVC Westerlo,832.45,33.28,0.99,1.08,1.81,1.65,-0.6599999999999999,7.518796992481203,47.61904761904761,8.521303258145362
Rayo Vallecano,4660.0,83.6,1.06,1.51,1.13,1.15,-0.08999999999999986,7.268170426065162,79.19799498746866,74.18546365914787
Burton Albion,224.44,6.45,0.94,0.95,1.23,1.06,-0.1200000000000001,7.017543859649122,50.125313283208015,25.81453634085213
Blackburn,1680.0,52.25,1.34,1.7,1.58,1.56,-0.21999999999999997,6.7669172932330826,33.33333333333333,43.609022556390975
Bari,475.12,34.18,0.8,0.96,1.14,0.8,0.0,6.516290726817042,7.268170426065162,40.100250626566414
Torino,4580.0,186.1,0.6,0.72,1.18,1.21,-0.61,6.265664160401002,10.526315789473683,47.11779448621554
Atlas,824.85,34.8,0.95,1.07,1.04,1.17,-0.21999999999999997,6.015037593984962,9.774436090225564,34.335839598997495
Anderlecht,832.45,90.9,1.46,1.3,1.4,1.06,0.3999999999999999,5.764411027568922,67.41854636591479,68.42105263157895
Frosinone,475.12,62.63,1.19,1.22,1.34,1.28,-0.09000000000000008,5.513784461152882,14.786967418546364,39.34837092731829
IFK Goteborg,229.08,12.55,0.97,1.12,1.17,1.04,-0.07000000000000006,5.263157894736842,40.852130325814535,33.583959899749374
Caen,339.0,17.05,1.42,1.16,1.14,1.17,0.25,5.012531328320802,40.6015037593985,55.388471177944865
Huracán,797.41,29.38,0.75,1.03,0.79,0.95,-0.19999999999999996,4.761904761904762,48.62155388471178,44.611528822055135
Burgos,476.9,15.6,1.29,1.19,1.14,1.21,0.08000000000000007,4.511278195488721,64.16040100250626,49.122807017543856
Panetolikos,414.35,10.95,0.46,1.1,1.63,1.61,-1.1500000000000001,4.260651629072681,14.285714285714285,2.2556390977443606
Cadiz,4660.0,59.5,0.77,0.97,1.41,1.16,-0.3899999999999999,4.010025062656641,30.075187969924812,38.847117794486216
Ankaragucu,1190.0,30.45,1.31,1.07,1.39,1.21,0.10000000000000009,3.7593984962406015,48.370927318295735,46.365914786967416
Cheltenham Town,224.44,5.74,0.13,0.74,1.53,1.34,-1.21,3.508771929824561,41.60401002506266,1.2531328320802004
Cuiaba,1440.0,19.53,0.93,0.93,1.03,0.97,-0.039999999999999925,3.258145363408521,65.16290726817043,46.11528822055138
AFC Wimbledon,101.25,3.8,1.27,1.57,0.79,0.7,0.5700000000000001,3.007518796992481,73.1829573934837,77.44360902255639
Vitesse,967.18,27.4,0.61,0.97,1.72,1.52,-0.91,2.756892230576441,7.017543859649122,5.513784461152882
Brighton and Hove Albion,10410.0,468.3,2.18,1.86,1.55,1.78,0.40000000000000013,2.506265664160401,83.95989974937343,93.734335839599
Kilmarnock,372.89,6.65,1.11,1.29,1.18,1.21,-0.09999999999999987,2.2556390977443606,2.0050125313283207,36.09022556390977
Avispa Fukuoka,254.5,12.28,0.96,1.14,0.99,1.05,-0.09000000000000008,2.0050125313283207,18.045112781954884,39.849624060150376
IFK Värnamo,229.08,8.75,1.05,1.13,1.28,1.02,0.030000000000000027,1.7543859649122806,8.771929824561402,35.08771929824561
Empoli,4580.0,89.5,0.11,0.8,1.47,1.81,-1.7,1.5037593984962405,13.283208020050125,3.508771929824561
Stoke City,1680.0,51.13,0.97,1.02,1.37,1.34,-0.3700000000000001,1.2531328320802004,19.298245614035086,25.062656641604008
Fatih Karagümrük,1190.0,25.1,0.79,0.64,1.35,1.01,-0.21999999999999997,1.0025062656641603,36.09022556390977,19.047619047619047
Stockport County,101.25,7.2,1.84,1.5,1.08,1.01,0.8300000000000001,0.7518796992481203,76.44110275689223,78.94736842105263
Southampton,10410.0,234.8,1.4,1.71,1.31,1.62,-0.2200000000000002,0.5012531328320802,76.19047619047619,87.96992481203007
Valerenga,213.21,13.2,1.21,1.31,1.48,1.58,-0.3700000000000001,0.2506265664160401,10.776942355889723,17.794486215538846
